{
    "Plugins": [
        {
            "Info": {
                "Types": {
                    "NdrDiscoveryPlugin": {},
                    "_NdrFilesystemDiscoveryPlugin": {
                        "bases": [
                            "NdrDiscoveryPlugin"
                        ],
                        "displayName": "Filesystem Discovery"
                    },
                    "NdrParserPlugin": {}
                }
            },
            "LibraryPath": "../../.dylibs/libusd_ndr.dylib",
            "Name": "ndr",
            "ResourcePath": "resources",
            "Root": "..",
            "Type": "library"
        }
    ]
}