{
    "Plugins": [
        {
            "Info": {
                "Types": {
                    "UsdMediaAssetPreviewsAPI": {
                        "alias": {
                            "UsdSchemaBase": "AssetPreviewsAPI"
                        },
                        "autoGenerated": true,
                        "bases": [
                            "UsdAPISchemaBase"
                        ],
                        "schemaIdentifier": "AssetPreviewsAPI",
                        "schemaKind": "singleApplyAPI"
                    },
                    "UsdMediaSpatialAudio": {
                        "alias": {
                            "UsdSchemaBase": "SpatialAudio"
                        },
                        "autoGenerated": true,
                        "bases": [
                            "UsdGeomXformable"
                        ],
                        "schemaIdentifier": "SpatialAudio",
                        "schemaKind": "concreteTyped"
                    }
                }
            },
            "LibraryPath": "../../.dylibs/libusd_usdMedia.dylib",
            "Name": "usdMedia",
            "ResourcePath": "resources",
            "Root": "..",
            "Type": "library"
        }
    ]
}