{
    "Plugins": [
        {
            "Info": {
                "Types": {
                    "UsdHydraDiscoveryPlugin": {
                        "bases": [
                            "NdrDiscoveryPlugin"
                        ],
                        "displayName": "Discovery plugin for deprecated hydra shaders."
                    },
                    "UsdHydraGenerativeProceduralAPI": {
                        "alias": {
                            "UsdSchemaBase": "HydraGenerativeProceduralAPI"
                        },
                        "apiSchemaCanOnlyApplyTo": [
                            "GenerativeProcedural"
                        ],
                        "autoGenerated": true,
                        "bases": [
                            "UsdAPISchemaBase"
                        ],
                        "schemaIdentifier": "HydraGenerativeProceduralAPI",
                        "schemaKind": "singleApplyAPI"
                    }
                }
            },
            "LibraryPath": "../../.dylibs/libusd_usdHydra.dylib",
            "Name": "usdHydra",
            "ResourcePath": "resources",
            "Root": "..",
            "Type": "library"
        }
    ]
}