{
    "Plugins": [
        {
            "Info": {
                "Types": {
                    "UsdProcGenerativeProcedural": {
                        "alias": {
                            "UsdSchemaBase": "GenerativeProcedural"
                        },
                        "autoGenerated": true,
                        "bases": [
                            "UsdGeomBoundable"
                        ],
                        "schemaIdentifier": "GenerativeProcedural",
                        "schemaKind": "concreteTyped"
                    }
                }
            },
            "LibraryPath": "../../.dylibs/libusd_usdProc.dylib",
            "Name": "usdProc",
            "ResourcePath": "resources",
            "Root": "..",
            "Type": "library"
        }
    ]
}