{
    "Plugins": [
        {
            "Info": {
                "Types": {
                    "ArResolver": {},
                    "ArDefaultResolver": {
                        "bases": [
                            "ArResolver"
                        ],
                        "implementsContexts": true
                    },
                    "ArPackageResolver": {}
                }
            },
            "LibraryPath": "../../.dylibs/libusd_arch.dylib",
            "Name": "ar",
            "ResourcePath": "resources",
            "Root": "..",
            "Type": "library"
        }
    ]
}