{
    "Plugins": [
        {
            "Info": {
                "SdfMetadata": {
                    "kilogramsPerUnit": {
                        "appliesTo": [
                            "layers"
                        ],
                        "default": 1.0,
                        "displayGroup": "Stage",
                        "type": "double"
                    }
                },
                "Types": {
                    "UsdPhysicsArticulationRootAPI": {
                        "alias": {
                            "UsdSchemaBase": "PhysicsArticulationRootAPI"
                        },
                        "autoGenerated": true,
                        "bases": [
                            "UsdAPISchemaBase"
                        ],
                        "schemaIdentifier": "PhysicsArticulationRootAPI",
                        "schemaKind": "singleApplyAPI"
                    },
                    "UsdPhysicsCollisionAPI": {
                        "alias": {
                            "UsdSchemaBase": "PhysicsCollisionAPI"
                        },
                        "autoGenerated": true,
                        "bases": [
                            "UsdAPISchemaBase"
                        ],
                        "schemaIdentifier": "PhysicsCollisionAPI",
                        "schemaKind": "singleApplyAPI"
                    },
                    "UsdPhysicsCollisionGroup": {
                        "alias": {
                            "UsdSchemaBase": "PhysicsCollisionGroup"
                        },
                        "autoGenerated": true,
                        "bases": [
                            "UsdTyped"
                        ],
                        "schemaIdentifier": "PhysicsCollisionGroup",
                        "schemaKind": "concreteTyped"
                    },
                    "UsdPhysicsDistanceJoint": {
                        "alias": {
                            "UsdSchemaBase": "PhysicsDistanceJoint"
                        },
                        "autoGenerated": true,
                        "bases": [
                            "UsdPhysicsJoint"
                        ],
                        "schemaIdentifier": "PhysicsDistanceJoint",
                        "schemaKind": "concreteTyped"
                    },
                    "UsdPhysicsDriveAPI": {
                        "alias": {
                            "UsdSchemaBase": "PhysicsDriveAPI"
                        },
                        "autoGenerated": true,
                        "bases": [
                            "UsdAPISchemaBase"
                        ],
                        "schemaIdentifier": "PhysicsDriveAPI",
                        "schemaKind": "multipleApplyAPI"
                    },
                    "UsdPhysicsFilteredPairsAPI": {
                        "alias": {
                            "UsdSchemaBase": "PhysicsFilteredPairsAPI"
                        },
                        "autoGenerated": true,
                        "bases": [
                            "UsdAPISchemaBase"
                        ],
                        "schemaIdentifier": "PhysicsFilteredPairsAPI",
                        "schemaKind": "singleApplyAPI"
                    },
                    "UsdPhysicsFixedJoint": {
                        "alias": {
                            "UsdSchemaBase": "PhysicsFixedJoint"
                        },
                        "autoGenerated": true,
                        "bases": [
                            "UsdPhysicsJoint"
                        ],
                        "schemaIdentifier": "PhysicsFixedJoint",
                        "schemaKind": "concreteTyped"
                    },
                    "UsdPhysicsJoint": {
                        "alias": {
                            "UsdSchemaBase": "PhysicsJoint"
                        },
                        "autoGenerated": true,
                        "bases": [
                            "UsdGeomImageable"
                        ],
                        "schemaIdentifier": "PhysicsJoint",
                        "schemaKind": "concreteTyped"
                    },
                    "UsdPhysicsLimitAPI": {
                        "alias": {
                            "UsdSchemaBase": "PhysicsLimitAPI"
                        },
                        "autoGenerated": true,
                        "bases": [
                            "UsdAPISchemaBase"
                        ],
                        "schemaIdentifier": "PhysicsLimitAPI",
                        "schemaKind": "multipleApplyAPI"
                    },
                    "UsdPhysicsMassAPI": {
                        "alias": {
                            "UsdSchemaBase": "PhysicsMassAPI"
                        },
                        "autoGenerated": true,
                        "bases": [
                            "UsdAPISchemaBase"
                        ],
                        "schemaIdentifier": "PhysicsMassAPI",
                        "schemaKind": "singleApplyAPI"
                    },
                    "UsdPhysicsMaterialAPI": {
                        "alias": {
                            "UsdSchemaBase": "PhysicsMaterialAPI"
                        },
                        "autoGenerated": true,
                        "bases": [
                            "UsdAPISchemaBase"
                        ],
                        "schemaIdentifier": "PhysicsMaterialAPI",
                        "schemaKind": "singleApplyAPI"
                    },
                    "UsdPhysicsMeshCollisionAPI": {
                        "alias": {
                            "UsdSchemaBase": "PhysicsMeshCollisionAPI"
                        },
                        "autoGenerated": true,
                        "bases": [
                            "UsdAPISchemaBase"
                        ],
                        "schemaIdentifier": "PhysicsMeshCollisionAPI",
                        "schemaKind": "singleApplyAPI"
                    },
                    "UsdPhysicsPrismaticJoint": {
                        "alias": {
                            "UsdSchemaBase": "PhysicsPrismaticJoint"
                        },
                        "autoGenerated": true,
                        "bases": [
                            "UsdPhysicsJoint"
                        ],
                        "schemaIdentifier": "PhysicsPrismaticJoint",
                        "schemaKind": "concreteTyped"
                    },
                    "UsdPhysicsRevoluteJoint": {
                        "alias": {
                            "UsdSchemaBase": "PhysicsRevoluteJoint"
                        },
                        "autoGenerated": true,
                        "bases": [
                            "UsdPhysicsJoint"
                        ],
                        "schemaIdentifier": "PhysicsRevoluteJoint",
                        "schemaKind": "concreteTyped"
                    },
                    "UsdPhysicsRigidBodyAPI": {
                        "alias": {
                            "UsdSchemaBase": "PhysicsRigidBodyAPI"
                        },
                        "autoGenerated": true,
                        "bases": [
                            "UsdAPISchemaBase"
                        ],
                        "schemaIdentifier": "PhysicsRigidBodyAPI",
                        "schemaKind": "singleApplyAPI"
                    },
                    "UsdPhysicsScene": {
                        "alias": {
                            "UsdSchemaBase": "PhysicsScene"
                        },
                        "autoGenerated": true,
                        "bases": [
                            "UsdTyped"
                        ],
                        "schemaIdentifier": "PhysicsScene",
                        "schemaKind": "concreteTyped"
                    },
                    "UsdPhysicsSphericalJoint": {
                        "alias": {
                            "UsdSchemaBase": "PhysicsSphericalJoint"
                        },
                        "autoGenerated": true,
                        "bases": [
                            "UsdPhysicsJoint"
                        ],
                        "schemaIdentifier": "PhysicsSphericalJoint",
                        "schemaKind": "concreteTyped"
                    }
                }
            },
            "LibraryPath": "../../.dylibs/libusd_usdPhysics.dylib",
            "Name": "usdPhysics",
            "ResourcePath": "resources",
            "Root": "..",
            "Type": "library"
        }
    ]
}