{
    "Plugins": [
        {
            "Info": {
                "Types": {
                    "UsdUIBackdrop": {
                        "alias": {
                            "UsdSchemaBase": "Backdrop"
                        },
                        "autoGenerated": true,
                        "bases": [
                            "UsdTyped"
                        ],
                        "schemaIdentifier": "Backdrop",
                        "schemaKind": "concreteTyped"
                    },
                    "UsdUINodeGraphNodeAPI": {
                        "alias": {
                            "UsdSchemaBase": "NodeGraphNodeAPI"
                        },
                        "autoGenerated": true,
                        "bases": [
                            "UsdAPISchemaBase"
                        ],
                        "schemaIdentifier": "NodeGraphNodeAPI",
                        "schemaKind": "singleApplyAPI"
                    },
                    "UsdUISceneGraphPrimAPI": {
                        "alias": {
                            "UsdSchemaBase": "SceneGraphPrimAPI"
                        },
                        "autoGenerated": true,
                        "bases": [
                            "UsdAPISchemaBase"
                        ],
                        "schemaIdentifier": "SceneGraphPrimAPI",
                        "schemaKind": "singleApplyAPI"
                    }
                }
            },
            "LibraryPath": "../../.dylibs/libusd_usdUI.dylib",
            "Name": "usdUI",
            "ResourcePath": "resources",
            "Root": "..",
            "Type": "library"
        }
    ]
}