{
    "Plugins": [
        {
            "Info": {
                "Types": {
                    "UsdVolField3DAsset": {
                        "alias": {
                            "UsdSchemaBase": "Field3DAsset"
                        },
                        "autoGenerated": true,
                        "bases": [
                            "UsdVolFieldAsset"
                        ],
                        "schemaIdentifier": "Field3DAsset",
                        "schemaKind": "concreteTyped"
                    },
                    "UsdVolFieldAsset": {
                        "alias": {
                            "UsdSchemaBase": "FieldAsset"
                        },
                        "autoGenerated": true,
                        "bases": [
                            "UsdVolFieldBase"
                        ],
                        "schemaIdentifier": "FieldAsset",
                        "schemaKind": "abstractTyped"
                    },
                    "UsdVolFieldBase": {
                        "alias": {
                            "UsdSchemaBase": "FieldBase"
                        },
                        "autoGenerated": true,
                        "bases": [
                            "UsdGeomXformable"
                        ],
                        "schemaIdentifier": "FieldBase",
                        "schemaKind": "abstractTyped"
                    },
                    "UsdVolOpenVDBAsset": {
                        "alias": {
                            "UsdSchemaBase": "OpenVDBAsset"
                        },
                        "autoGenerated": true,
                        "bases": [
                            "UsdVolFieldAsset"
                        ],
                        "schemaIdentifier": "OpenVDBAsset",
                        "schemaKind": "concreteTyped"
                    },
                    "UsdVolVolume": {
                        "alias": {
                            "UsdSchemaBase": "Volume"
                        },
                        "autoGenerated": true,
                        "bases": [
                            "UsdGeomGprim"
                        ],
                        "schemaIdentifier": "Volume",
                        "schemaKind": "concreteTyped"
                    }
                }
            },
            "LibraryPath": "../../.dylibs/libusd_usdVol.dylib",
            "Name": "usdVol",
            "ResourcePath": "resources",
            "Root": "..",
            "Type": "library"
        }
    ]
}