{
    "Plugins": [
        {
            "Info": {
                "Types": {
                    "UsdSemanticsLabelsAPI": {
                        "alias": {
                            "UsdSchemaBase": "SemanticsLabelsAPI"
                        },
                        "autoGenerated": true,
                        "bases": [
                            "UsdAPISchemaBase"
                        ],
                        "schemaIdentifier": "SemanticsLabelsAPI",
                        "schemaKind": "multipleApplyAPI"
                    }
                }
            },
            "LibraryPath": "../../.dylibs/libusd_usdSemantics.dylib",
            "Name": "usdSemantics",
            "ResourcePath": "resources",
            "Root": "..",
            "Type": "library"
        }
    ]
}