{
    "Plugins": [
        {
            "Info": {
                "SdfMetadata": {
                    "weight": {
                        "appliesTo": [
                            "attributes"
                        ],
                        "default": 0,
                        "displayGroup": "BlendShape",
                        "documentation": "The weight value at which an inbeteen shape is applied.",
                        "type": "float"
                    }
                },
                "Types": {
                    "UsdSkelAnimation": {
                        "alias": {
                            "UsdSchemaBase": "SkelAnimation"
                        },
                        "autoGenerated": true,
                        "bases": [
                            "UsdTyped"
                        ],
                        "schemaIdentifier": "SkelAnimation",
                        "schemaKind": "concreteTyped"
                    },
                    "UsdSkelBindingAPI": {
                        "alias": {
                            "UsdSchemaBase": "SkelBindingAPI"
                        },
                        "autoGenerated": true,
                        "bases": [
                            "UsdAPISchemaBase"
                        ],
                        "schemaIdentifier": "SkelBindingAPI",
                        "schemaKind": "singleApplyAPI"
                    },
                    "UsdSkelBlendShape": {
                        "alias": {
                            "UsdSchemaBase": "BlendShape"
                        },
                        "autoGenerated": true,
                        "bases": [
                            "UsdTyped"
                        ],
                        "schemaIdentifier": "BlendShape",
                        "schemaKind": "concreteTyped"
                    },
                    "UsdSkelRoot": {
                        "alias": {
                            "UsdSchemaBase": "SkelRoot"
                        },
                        "autoGenerated": true,
                        "bases": [
                            "UsdGeomBoundable"
                        ],
                        "implementsComputeExtent": true,
                        "schemaIdentifier": "SkelRoot",
                        "schemaKind": "concreteTyped"
                    },
                    "UsdSkelSkeleton": {
                        "alias": {
                            "UsdSchemaBase": "Skeleton"
                        },
                        "autoGenerated": true,
                        "bases": [
                            "UsdGeomBoundable"
                        ],
                        "implementsComputeExtent": true,
                        "schemaIdentifier": "Skeleton",
                        "schemaKind": "concreteTyped"
                    }
                },
                "Validators": {
                    "SkelBindingApiAppliedValidator": {
                        "doc": "Verify a prim has the SkelBindingAPI applied if it has a UsdSkelBinding property."
                    },
                    "SkelBindingApiValidator": {
                        "doc": "Verify that a prim with SkelBindingAPI applied, is either of SkelRoot type or parented by a SkelRoot prim.",
                        "schemaTypes": [
                            "UsdSkelBindingAPI"
                        ]
                    },
                    "keywords": [
                        "UsdSkelValidators"
                    ]
                }
            },
            "LibraryPath": "../../.dylibs/libusd_usdSkel.dylib",
            "Name": "usdSkel",
            "ResourcePath": "resources",
            "Root": "..",
            "Type": "library"
        }
    ]
}